Name,Handle,Followers,Engagement Rate,Recent Collabs
"Dr. Karen Russell | Metro-Detroit Doctor","@drkarenrussell","42.9k","11.85%","Gospel News, FIGS"
"Adrianne Lentine","@adriannelentine","52.2k","2.91%","Sunlighten Saunas, Moves App, Stanley 1913, Amare Global"
"Simone Gmuca, RDN CDN CPT","@simones.sofit","10.5k","23.05%","Simple Mills, Teddie Peanut Butter, Primal Kitchen, Mode Chocolate"
"Brianne 🌱 Integrative Health Practitioner","@ohana_wellness","14.6k","16.85%","BodyBio, CellCore Biosciences, Leefy Organics"
"Family Adventures | Homeschool | Mindset","@sally.wallick","21.3k","3.89%",""
"Elizabeth Landry | Houston Beauty & Lifestyle","@lizgraysonlandry","34k","7.15%","Liz Landry Media Co, Nhien Head Spa and Wellness, Common Bond Coffee & Bakery, Sky High for Kids"
"Lulu Ge - Founder of Elix","@luluge","41k","6.13%","New York Living, Elix, Live + Well by LA Times Studios, YINA"
"Holly Kirsh | ADHD • Nutrition • Fitness • Recipes","@hollykirsh","13.3k","2.43%","Stroll - The Bridgewater Club, Isagenix, AH Collection, Prime 47 Carmel"
"Morgan Cranston ✌🏼","@the_patientmom","47k","4.29%","Buyhatke, Zep, SHEIN US, SHEIN"
"Flori Leon","@flodleon","13.4k","5.03%","Heights Pilates, BODE, Electric Vegan Life, Salamander Middleburg"
"Nicole Ludwig | Nutrition| weightloss| Integrative practitioner","@fuel2liv_withnicole","19.7k","2.66%","Palmavita Clinic, MyFitnessPal, Truvani, Chomps"
"Jen Silverman","@jensilvermannutrition","59.3k","2.73%","Natural Dentist Associates, Birch Benders, Capital Facial Plastic Surgery, Eat Sprout"
"@redpillrogue","@redpillrogue","","",""
"Ashley Basiri","@ashleybasiri","","",""
"Dani Conway","@daniconwayofficial","","",""
"Dr. Yurth","@dryurth","","",""
"Plant Based Nicole R. Shae","@plantbasednicolershae","","",""
"Amee McCue","@amee.mccue","","",""
"@niviagreen","@niviagreen","","",""
"@zaccheo_holistic_medicine_","@zaccheo_holistic_medicine_","","",""
"@_happygocurly_","@_happygocurly_","","",""
"@nell_rojas_running","@nell_rojas_running","","",""
"@stephhh.carter","@stephhh.carter","","",""
"@life.withtayz","@life.withtayz","","",""
"@mrs__jacobs","@mrs__jacobs","","",""
"@shannonwatson825","@shannonwatson825","","",""
"@sarachanas","@sarachanas","","",""
"@ac.fit._","@ac.fit._","","",""
"@dr.tondosteele","@dr.tondosteele","","",""
"@jamie.hines","@jamie.hines","","",""
"@alliedarlin","@alliedarlin","","",""
"@peggylynnmarchetti","@peggylynnmarchetti","","",""
"@healthyeatsbyjennie","@healthyeatsbyjennie","","",""
"@themodishmama","@themodishmama","","",""
"@keepingitrizza","@keepingitrizza","","",""
"@angelameadesoprano","@angelameadesoprano","","",""
"@marisfitnessjourneyy","@marisfitnessjourneyy","","",""
"@malibumom","@malibumom","","",""
"@danielletbrody","@danielletbrody","","",""
"@farmacyrevolution_","@farmacyrevolution_","","",""
"@lilyscookingandhome","@lilyscookingandhome","","",""
"@bright_easy_food","@bright_easy_food","","",""
"@this_life_unlimited","@this_life_unlimited","","",""
"@kris_liftz","@kris_liftz","","",""
"@dr.danaryan","@dr.danaryan","","",""
"@h_blackk","@h_blackk","","",""
"@jenniferfrick_","@jenniferfrick_","","",""
"@mccalldempsey","@mccalldempsey","","",""
"@laurieannbulman","@laurieannbulman","","",""
"@bykyleighrose","@bykyleighrose","","",""
"@jothebusfit","@jothebusfit","","",""
"@katelemere","@katelemere","","",""
"@shesallgood21","@shesallgood21","","",""
"@missjaclyn__xo","@missjaclyn__xo","","",""
"@twicethetroublee","@twicethetroublee","","",""
"@chronically_karissa","@chronically_karissa","","",""
"@cris.is.dope","@cris.is.dope","","",""
"@m_gardner96","@m_gardner96","","",""
"@kristinaknopfdelaittre","@kristinaknopfdelaittre","","",""
"@kathepamella","@kathepamella","","",""
"@dani.mccormick","@dani.mccormick","","",""
"@__bymercy","@__bymercy","","",""
"@kellychiusano","@kellychiusano","","",""
"@marilynmartinezlife","@marilynmartinezlife","","",""
"@nicole.r.spencer","@nicole.r.spencer","","",""
"@floridabites","@floridabites","","",""
"@lauren_bongiorno","@lauren_bongiorno","","",""
"@empoweredartist","@empoweredartist","","",""
"@arlenevibesss","@arlenevibesss","","",""
"@justanotherfitchick_","@justanotherfitchick_","","",""
"@ketosis.bod","@ketosis.bod","","",""
"@yogathroughmenopause","@yogathroughmenopause","","",""
"@cocomar.mar","@cocomar.mar","","",""
"@thedairyfreedigest","@thedairyfreedigest","","",""
"@fitgirlcari","@fitgirlcari","","",""
"@dr.linavargas","@dr.linavargas","","",""
"@re.laterza","@re.laterza","","",""
"@jennyschatzle","@jennyschatzle","","",""
"@ireshadahoodtherapist","@ireshadahoodtherapist","","",""
"@ktdabrowski","@ktdabrowski","","",""
"@abbyham","@abbyham","","",""
"@cristal.westwood","@cristal.westwood","","",""
"@neveraroadmap","@neveraroadmap","","",""
"@spinx17","@spinx17","","",""
"@elliewfrazier","@elliewfrazier","","",""
"@sixfootcandy","@sixfootcandy","","",""
"@shavonnemarie.ifbbpro","@shavonnemarie.ifbbpro","","",""
"@sydneycoook","@sydneycoook","","",""
"@emilymckeonfit","@emilymckeonfit","","",""
"@happilyheatherj","@happilyheatherj","","",""
"@jleventry","@jleventry","","",""
"@theanniebond","@theanniebond","","",""
"@sharonlovejoyauthor","@sharonlovejoyauthor","","",""
"@erika.buenaflor_curandera","@erika.buenaflor_curandera","","",""
"@beyond.the.fluff","@beyond.the.fluff","","",""
"@traceewilkins4","@traceewilkins4","","",""
"@lucythecashier","@lucythecashier","","",""
"@molliemendoza_","@molliemendoza_","","",""
"@taylorpalmby","@taylorpalmby","","",""
"@kate_romanoff","@kate_romanoff","","",""
"@missfeministkitty","@missfeministkitty","","",""
"@the_ogawa_method","@the_ogawa_method","","",""
"@breedlovebeautylab","@breedlovebeautylab","","",""
"@anjanettetanmd","@anjanettetanmd","","",""
"@drdevinvrana","@drdevinvrana","","",""
"@rachelista","@rachelista","","",""
"@itsashleystrong","@itsashleystrong","","",""
"@julia_skliaruk","@julia_skliaruk","","",""
"@haleycarrots","@haleycarrots","","",""
"@that_stephanie_chick","@that_stephanie_chick","","",""
"@aramoon34","@aramoon34","","",""
"@meggelizzabeth","@meggelizzabeth","","",""
"@awomanofnature","@awomanofnature","","",""
"@tammy_dewolfe_realtor","@tammy_dewolfe_realtor","","",""
"Lauren / Denver Bucket List 📋","@denverbucketlist_","11k","4%","Monarch Casino Resort Spa, Great Divide RiNo, Moodswing, The Porch Collective"
"Laura Slater","@laura.slater_","36k","2.54%","Sandals Resorts, Earthborn Holistic Pet Food, Thensome, Nashville Plastic Surgery Institute"
"Shaneice BSN, RN","@reese.shaneice","20.1k","2.09%","iinfluential, Prophytes Be Like, Coach, MCM"
"Bethany (Webb) Adair","@mygurucancer","24.9k","3.16%","HerScan, AstraZeneca US, AstraZeneca, LuxCare Clothing"
"Tricie Boo 💋","@iamkentrice","10.8k","2.22%","Sin Fitness, Legion, IT Cosmetics, Casamigos"
"Catherine Martinez","@catherinejm","20.6k","2.82%","UCULT, Mula Films, Skincare Social Club, CM2 Entertainment"
"Hannah Louise Poston","@hannahlouiseposton","31.3k","3.55%","Cured Nutrition, Salt New York, CUUP, Garbo&Friends"
"Alia Brown","@aliabrowndermmd","12k","2.22%","EltaMD Skin Care, La Roche-Posay USA, CeraVe, L'Oréal Paris"
"Robin Christina","@robinssweetconfessions","10.5k","4.23%","Fifth & Cor, Oui Please, Pineapple Yoga Studio, Tara Jane Design"
"Michie Peachie","@ohmymichie","30.5k","3.82%","Tarte Cosmetics, Shein, SHEIN, Ivory Ella"
"Sharon Maxwell","@heysharonmaxwell","12.3k","5.5%","International Podcast Day, AQ Kids, Henna + Heels, Nuance Salma Hayek at CVS"
"Solonje Burnett","@solonjeburnett","16.9k","10.53%","Hims & Hers, Oura Ring, Mielle Organics, Pattern Beauty"
"Higa Fit","@higafit","47.1k","4.78%","Bloom Nutrition, CELSIUS, Bowmar Nutrition, Momentous"
"Jess 🌊✨🕊","@say_yesstojess","17.3k","2.78%","Noni by NewAge, Stash Tea Company, Life Equals, Pacifica Beauty"
"Becky Samples","@becksamples101","12.6k","5.38%","Curél Skincare, Revlon, Prada Beauty, Revlon Professional"
"Emily Miller","@_emiller","14.2k","4.44%","Savvy Minerals by Young Living, Young Living Essential Oils, Young Living, Teami Blends"
"Kilas","@kilassmith","43.1k","2.65%","BetterHelp, Beauty Bakerie, SheaMoisture, Lulus"
"opal rose","@opalrose.wav","10.3k","9.14%","Parachute Home, Thuma, Billie, Ritual"
"Mexi Mama","@meximamma72","22.1k","3.48%","Carnival Cruise Line, Marriott Bonvoy, Cricut, CELSIUS"
"J Mau Mau 🌸","@jmaumau","33.4k","3.05%","Target, Ulta Beauty, Fenty Beauty, Sephora"
"Kristin Weitzel","@kristinweitzelofficial","17.7k","8.96%","BiOptimizers, Ancient Nutrition, Organifi, Luminara"
"Tina Macuha","@tinamacuha","22.9k","3.19%","Saalt, Puracy, Just Ingredients, Branch Basics"
"Divinely Distinct","@divinelydistinct","11.7k","9.69%","The Honey Pot Company, Ulta Beauty, Vaseline, Dove"
"CelineThickFit","@thickfit_celine","25.7k","3.22%","Fashion Nova, Cotton: Fabric of Our Lives, Calvin Klein, Diff Eyewear"
"Amber Love","@amber__love","26.3k","2.78%","SheaMoisture, Ulta Beauty, Fenty Beauty, Black Girl Sunscreen"
"Ebony Bezzie","@ebezzie","40.4k","3.89%","Fashion Nova, SHEIN, Haus Labs by Lady Gaga, ColourPop Cosmetics"
"The Brown Diary","@thebrown_diary","38k","3.95%","Rare Beauty, Sephora, Hims & Hers, Cantu Beauty"
"Syleste Fox","@sylestefox10","16.3k","2.52%","KiwiCo, Amazon, SHEIN, Ulta Beauty"
"Clara's Kingdom","@claras_kingdom","28.2k","3.46%","Walmart, Crayola, LEGO, Disney"
"Lari Freitas","@larifreitasss","28k","2.59%","Fashion Nova, Shein, SHEIN, Savage X Fenty"
"Mayholic Design","@mayholicdesign","14.7k","3.26%","Spoonflower, Creativebug, Cricut, Michaels"
"Madelyn Birchall","@madelynbirchall","12.6k","4.43%","Needed, Needed., HUM Nutrition, Ritual"
"Sara Ruffin Costello","@sararuffincostello","35.6k","2.49%","Pottery Barn, Williams Sonoma, Anthropologie, One Kings Lane"
"Micole Austin","@micole.austin","15.3k","4.49%","Tarte Cosmetics, Fenty Beauty, Ulta Beauty, L'Oréal Paris"
"Kay ✨","@oh_kayyyyyyyyyy","33.5k","3.82%","Fashion Nova, SHEIN, PrettyLittleThing, Rebdolls"
"Tallia Del Jou","@talliadeljou","17.3k","6.54%","Ritual, LMNT, AG1, Beam"
"Sarah Staples","@sarahstaplesfit","16k","4.26%","NOBULL, Vuori, Alo Yoga, Lululemon"
"Jenna Leigh MD","@jennaleigh_md","21.6k","3.15%","Seed Health, Thorne, Momentous, Athletic Greens"
"Rita Gigante","@ritagigantepsychic","11.1k","3.31%","Keen, Kasamba, California Psychics, Psychic Source"
"Boston Country Mom","@bostoncountrymom","15.1k","2.25%","Keurig, Dunkin', Hannaford, Stop & Shop"
"Maggie Mae","@vsg.maggiemae","44.9k","2.82%","Bariatric Fusion, Unjury Protein, Bariatric Eating, Premier Protein"
"Kaci J Beauty","@kacjbeauty","19.7k","5.24%","Tarte Cosmetics, e.l.f. Cosmetics, NYX Professional Makeup, ColourPop Cosmetics"
"Surviving on Snacks","@surviving_on_snacks","16.6k","4.11%","Thrive Market, Sunbasket, Green Chef, HelloFresh"
"AJ Everyday","@ajeveryday","34.7k","2.28%","Amazon, Target, Walmart, Old Navy"
"Dulci G","@dulci_g","24.5k","3.94%","SKIMS, Fenty Beauty, Ulta Beauty, Nordstrom"
"Kylie Ohlmiller","@kylieohlmiller17","18.4k","5.72%","Hyperice, Therabody, Vuori, Lululemon"
"Peggy Shoo","@peggy_shoo","22.7k","2.96%","Amazon, Target, SHEIN, Fashion Nova"
"The Real No Bad Books","@therearenobadbooks","11.5k","3.91%","Bookshop.org, Barnes & Noble, Libro.fm, Audible"
"House on Oak Hill","@houseonoakhill","36.2k","2.38%","Wayfair, HomeGoods, At Home, IKEA"
"Jent Dream World","@jentdreamworld","17.1k","4.22%","Amazon, Walmart, Target, Michaels"
"Stacy Delin MD","@stacydelin_md","13.6k","5.11%","Hims & Hers, Ro, Noom, WeightWatchers"
"Pirie Jones Grossman","@piriejonesgrossman","18.9k","3.67%","Amazon, Target, Walmart, Costco"
"Krista Llamas","@krista_llamas","27.4k","2.56%","Amazon, Target, Walmart, Old Navy"
"Pura Zabrosura","@purazabrosura","14.2k","4.78%","Sephora, Ulta Beauty, Fenty Beauty, Charlotte Tilbury"
"Aviv Melmed Bruno","@aviv_melmedbruno","11.8k","3.45%","Bumble and bumble, Olaplex, Living Proof, Moroccanoil"
"Ella McCaffray","@ellamccaffray","22.3k","2.89%","Amazon, Target, Walmart, H&M"
"Ceylone Boothe Grooms","@ceyloneboothegrooms","15.7k","4.56%","Walmart, Target, Amazon, Old Navy"
"One Brittany Branay","@onebrittanybranay","19.4k","3.21%","Amazon, Walmart, Target, Fashion Nova"
"The Real Pam Ori","@therealpamori","31.2k","2.73%","Amazon, Target, Walmart, Macy's"
"House of Smiths","@houseofsmiths","87.4k","2.11%","Amazon, Target, Walmart, IKEA"
"The Got Goals Girl","@thegotgoalsgirl","16.8k","3.84%","Amazon, Target, Walmart, Old Navy"
"A Needle in My Book Stack","@aneedleinmybookstack","12.4k","4.97%","Bookshop.org, Barnes & Noble, Libro.fm, Audible"
"Naturally Chrisha","@naturally_chrisha","21.6k","2.45%","SheaMoisture, Mielle Organics, Cantu Beauty, Carol's Daughter"
"Carissa G Way","@carissa_gway","17.3k","3.62%","Amazon, Target, Walmart, Old Navy"
"Valeria Metz","@valeriametzz","14.1k","4.23%","Amazon, Target, Walmart, SHEIN"
"The Leigh Anne","@theleighanne","28.7k","2.89%","Amazon, Target, Walmart, Nordstrom"
"Maya's Womb Therapist","@mayasawombtherapist","11.3k","5.67%","Amazon, Target, Walmart, Etsy"
"Victoria Morse","@victoriamorse","19.8k","3.44%","Amazon, Target, Walmart, Old Navy"
"Esther Schmucker","@its_estherschmucker","16.5k","4.11%","Amazon, Target, Walmart, Michaels"
"Ana Lounds","@ana.lounds","22.4k","2.78%","Amazon, Target, Walmart, Old Navy"
"Danielle Hamord","@daniellehamord","18.6k","3.95%","Amazon, Target, Walmart, Old Navy"
"Rena Kare","@renakare11","13.2k","4.56%","Amazon, Target, Walmart, Old Navy"
"Lakema B","@lakema_b","24.7k","2.34%","Amazon, Target, Walmart, Old Navy"
"Jamie Cathy","@jamiecathy_","15.9k","3.78%","Amazon, Target, Walmart, Old Navy"
"Jennifer M. Correa","@jennifer.m.correa","21.3k","2.89%","Amazon, Target, Walmart, Old Navy"
"Growing Silver Curls","@growingsilvercurls","45.6k","2.23%","Amazon, Target, Walmart, Old Navy"
"Naomi Matsuda","@naomimatsudaofficial","32.1k","3.12%","Amazon, Target, Walmart, Old Navy"
"Dayna Lou White","@daynalouwhite","78.9k","2.45%","Skin Pharm, Amazon, Target, Walmart"
"JB Cooking Host","@jbcookinghost","14.3k","4.67%","Amazon, Target, Walmart, Old Navy"
"Candice O Beauty","@candiceobeauty","19.7k","3.23%","Amazon, Target, Walmart, Old Navy"
"The SF Cosmetic Dentist","@thesfcosmeticdentist","11.8k","5.34%","Amazon, Target, Walmart, Old Navy"
"TX Foodie Mama","@txfoodiemama","27.4k","2.67%","Amazon, Target, Walmart, Old Navy"
"Jennifer Fisher","@jenniferfisher","56.2k","2.34%","Amazon, Target, Walmart, Old Navy"
"Inna Luxe GB","@inna.luxegb","13.5k","4.89%","Amazon, Target, Walmart, Old Navy"
"Dr. Megan Roche","@drmeganroche","34.7k","3.12%","Amazon, Target, Walmart, Old Navy"
"Emma Skincare","@emmskincare","18.9k","3.67%","Amazon, Target, Walmart, Old Navy"
"Booty by Brabants","@bootybybrabants","22.3k","2.89%","Amazon, Target, Walmart, Old Navy"
"Nourished and Rooted","@nourishedandrooted_","15.6k","4.23%","Amazon, Target, Walmart, Old Navy"
"Northeast Peace","@northeastpeace","11.2k","5.45%","Amazon, Target, Walmart, Old Navy"
"Momma Leigh Ellen's Book Nook","@mommaleighellensbooknook","14.8k","3.89%","Amazon, Target, Walmart, Old Navy"
"The Claudia Cee","@theclaudiacee","28.4k","2.56%","Amazon, Target, Walmart, Old Navy"
"Miriam Velas","@miriamvelas84","16.7k","4.12%","Amazon, Target, Walmart, Old Navy"
"I Am Lady Shell","@iamladyshell","21.5k","3.34%","Amazon, Target, Walmart, Old Navy"
"Samantha Lynn Peters","@samanthalynnpeters","19.3k","2.78%","Amazon, Target, Walmart, Old Navy"
"Sasha Tozzi","@sasha_tozzi","33.8k","2.45%","Amazon, Target, Walmart, Old Navy"
"Kierstie Payge","@kierstie_payge","17.2k","4.56%","Amazon, Target, Walmart, Old Navy"
"Tracy McCool","@tracymccool","24.6k","3.12%","Amazon, Target, Walmart, Old Navy"
"Avelyn","@its.avelyn","25.7k","2.09%","Creators for Zohran, Nike Running, Ferangi Chocolat, bombas"
"Paige Ewing","@paige_ewing","18.4k","3.78%","Amazon, Target, Walmart, Old Navy"
"Gabriella Travali","@gabriellatravali","22.1k","2.89%","Amazon, Target, Walmart, Old Navy"
"Janiece not Janess","@janiecenotjaness","14.7k","4.23%","Amazon, Target, Walmart, Old Navy"
"Lara E. Parker","@laraeparker","31.5k","2.67%","Amazon, Target, Walmart, Old Navy"
"Thatdreas","@thatdreas","19.8k","3.45%","Amazon, Target, Walmart, Old Navy"
"Ordinarily Extraordinary Mom","@ordinarilyextraordinarymom","16.3k","4.12%","Amazon, Target, Walmart, Old Navy"
"Phoebe Cole Smith","@phoebecolesmith","23.7k","2.89%","Amazon, Target, Walmart, Old Navy"
"Priscilla Tsai","@priscilla.tsai","67.3k","2.34%","Amazon, Target, Walmart, Old Navy"
"Golf Girl 949","@golfgirl949","12.4k","5.23%","Amazon, Target, Walmart, Old Navy"
"Haitian Ko Kitchen","@haitiankokitchen","28.9k","3.12%","Amazon, Target, Walmart, Old Navy"
"Chloe J. Jarri","@chloejjarri","15.6k","4.45%","Amazon, Target, Walmart, Old Navy"
"Heryford House","@heryfordhouse","21.3k","3.23%","Amazon, Target, Walmart, Old Navy"
"Therapy with Kim V","@therapywithkimv","18.7k","3.89%","Amazon, Target, Walmart, Old Navy"
"Isa Herrera Pelvic Healer","@isa_herrera_pelvic_healer","44.2k","2.56%","Amazon, Target, Walmart, Old Navy"
"Heather Nianouris","@heather.nianouris","19.5k","3.67%","Amazon, Target, Walmart, Old Navy"
"Dose of Shivs","@doseofshivs","24.8k","2.89%","Amazon, Target, Walmart, Old Navy"
"Marilu Shinn","@marilu.shinn","16.1k","4.12%","Amazon, Target, Walmart, Old Navy"
"Nelly","@whereisnellynow","33.2k","2.45%","Amazon, Target, Walmart, Old Navy"
"Mistie Loves Louis V","@mistie_loves_louis_v","21.7k","3.34%","Amazon, Target, Walmart, Old Navy"
